metric,value
MAE (km),206593.58844530652
MAPE,0.03323625454652527
